FONTES,IDENTIFICAÇÃO,1970,1971,1972,1973,1974,1975,1976,1977,1978,1979,1980,1981,1982,1983,1984,1985,1986,1987,1988,1989,1990,1991,1992,1993,1994,1995,1996,1997,1998,1999,2000,2001,2002,2003,2004,2005,2006,2007,2008,2009,2010,2011,2012,2013,2014,2015,2016,2017,2018,2019,2020
PETRÓLEO E LGN,PETRÓLEO,-25535.85468,-27087.068189999998,-32312.49,-38585.82084,-41273.489385,-44830.04904,-47517.074596,-48812.138,-54419.83766,-56632.59616,-55351.38708,-53917.056946000004,-53549.799156,-51872.233722,-55279.789082999996,-55764.169714,-59389.53122999999,-60835.46165999999,-61084.631032000005,-61449.25887,-60709.09552600001,-58869.456232000004,-61303.345064,-61927.676960000004,-65445.452448000004,-63881.11505000001,-68437.040928,-73558.35276000001,-79198.151112,-81872.305,-82840.05601799999,-85752.07028799999,-83784.50405999999,-83551.62359999999,-88953.872,-88873.3315054755,-90144.921,-91806.73190509091,-92968.857,-93461.619,-93618.81514898462,-96167.17925697744,-101446.79243058711,-108607.467222,-110678.67090545999,-103927.005686584,-96793.29702365001,-92791.22696989747,-90904.19610207893,-91107.64729299946,-94895.97495911963
ÓLEO DIESEL,PETRÓLEO,5674.613224954129,6065.551981651376,7628.449686605505,8748.11200293578,9661.15975706422,10643.650579816514,12041.942492477065,13258.482176146788,14650.772835963304,15247.468833027524,16731.67752,15866.777635359118,16777.36699756906,16681.63150470914,17759.432328531853,17702.67093383038,19757.755194827012,20980.344654,21458.16847748381,21477.848184000002,21057.846264000003,20691.004873227907,21068.883013060466,20329.6697856,22806.77418150698,22487.23206786977,23272.59170411163,24309.579871255813,25290.08355305164,26905.31883,26187.913920000003,27128.438400000003,27316.624,29867.408,33254.32,32559.86196672,32783.9344,33210.9024,34832.871999999996,35992.512,35132.01529536,36478.076799999995,38915.015952,42219.612592,42514.712351999995,42248.436111999996,38575.095151999994,34466.036528,35514.63432,34695.791952,35798.423456000004
ÓLEO COMBUSTÍVEL,PETRÓLEO,8399.234708737864,9216.606809708737,10859.635188349514,12913.190545631067,13382.627225242719,14323.341512621359,15104.284594951458,15513.092695922332,17091.93777553398,17200.953269126217,16461.054747961167,15477.216972815537,13774.992074563104,12234.559164179107,12043.418679402985,11897.8717,12852.335665048542,12168.29952,11792.2752,12102.591061248762,12212.042821010902,11648.245572249753,12317.431679999998,11969.998829732409,12183.852958572845,12027.350618830525,13783.870667988107,15334.313102081269,17448.408,16825.655,16947.448,17963.029,17082.8588,15926.113,16537.954999999998,15605.35274099997,15807.197,15853.4208,15697.679199999999,14520.41672481818,14246.952121731007,13385.195759124086,13846.223391,14723.210535,16125.576323999998,14188.422666,11506.468445999999,11730.442812,10838.198217,11709.909879525396,16763.39577
GASOLINA,PETRÓLEO,7359.688439999998,7855.029758918918,8947.102572972972,10143.661446486485,10401.393726486484,11210.967194594592,11373.94656,10238.793134594596,11107.428582162163,10681.65978,8585.618171351352,8943.128017297298,9050.53135135135,8022.427607444344,9034.58859611754,8956.258243752267,9220.310367419901,9504.261564170545,9504.506408609865,9254.432824074313,8944.737126537611,8928.438701937734,9628.89653270558,11431.11998708999,11553.58441711988,11431.872563642997,12490.829129171148,14067.463966768188,15460.6367,14331.2034,14470.6676,15020.4576,14506.303000000002,13657.756,14196.7,14762.3644,15632.085,15994.127317,15618.332058,15266.1901,16628.52922171,18139.254,19905.152325169813,22103.778865,22302.892626,19864.453098,20467.170556,20230.728686000002,18289.55576,18393.81236,16714.789518
GASOLINA AUTOMOTIVA,PETRÓLEO,7359.688439999998,7855.029758918918,8947.102572972972,10143.661446486485,10401.393726486484,11210.967194594592,11373.94656,10238.793134594596,11107.428582162163,10681.65978,8585.618171351352,8943.128017297298,9050.53135135135,8022.427607444344,9034.58859611754,8889.083195294117,9147.910592970562,9443.057631130898,9436.612068161434,9184.268391428572,8888.554722994653,8882.26138395722,9597.342032085562,11362.623632085562,11473.543732620323,11361.836964705884,12425.411262032087,14008.972697326204,15377.4479,14257.173,14405.0324,14949.48,14452.130000000001,13602.82,14135.66,14708.801800000001,15582.49,15946.7,15566.474,15225.98,16559.77986971,18095.0,19845.938947169812,22032.29721,22231.35222,19809.14628,20426.04333,20185.206580000002,18254.2899,18393.81236,16713.098710000002
GASOLINA DE AVIAÇÃO,PETRÓLEO,0.0,0.0,0.0,0.0,0.0,0.0,0.0,0.0,0.0,0.0,0.0,0.0,0.0,0.0,0.0,67.17504845814977,72.3997744493392,61.20393303964757,67.8943404484305,70.16443264573991,56.18240354295838,46.177317980513735,31.55450062001772,68.49635500442871,80.04068449955714,70.0355989371125,65.41786713906113,58.491269441984066,83.1888,74.0304,65.6352,70.9776,54.173,54.936,61.04,53.5626,49.595,47.427317,51.85805799999999,40.210100000000004,68.749352,44.254,59.213378,71.481655,71.540406,55.30681800000001,41.127226,45.522106,35.265859999999996,0.0,1.690808
GÁS LIQUEFEITO DE PETRÓLEO,PETRÓLEO,984.1121001680674,1054.7568514285717,1177.0029862184876,1508.7261660504205,1548.6558080672273,1839.2207415126054,1912.3227015126054,1943.0378107563029,2380.420966386555,2533.9965126050424,2710.9152,2789.9388091603046,2579.447890076335,2759.056264450128,3012.2431641943735,3172.2549606138105,3130.693976020408,3316.9059310344824,3100.3176384000003,3323.052009207161,3478.224719795745,3366.023922382979,3630.497230570213,3870.3110228425535,4010.8702635574473,3811.1281846468087,3748.24641906383,3613.2355694297876,3646.3844999999997,4104.48225,4252.4548,4556.1615,4660.708,4834.843,4985.76,5449.97672004659,5070.689,5127.512,5078.9375,4817.0018,4692.750867874277,4846.148944,5098.783165999999,4946.29859,4651.305832999999,4581.620102999999,4491.72829,4570.192649777017,4547.917399999999,4445.895675,4496.072217
NAFTA,PETRÓLEO,68.70916799999998,52.31266199999998,542.6462699999998,1286.7353279999995,1670.1012539999995,1724.7562739999994,1792.8108539999998,1847.8752479999998,2421.4030919999996,2914.8372719999998,3041.57073,3474.288651583711,3697.4403529411766,4563.6161142857145,4700.833714285714,5444.975314285714,5869.1718120000005,6124.937067606876,5951.906102535211,6272.326440635481,6276.968,5570.9617499999995,5295.4285,5340.46025,5535.85225,5196.96925,4997.7609999999995,5471.07275,5520.651454358974,7735.49352,7852.5936,7728.605280000001,6712.875,6848.28,6719.76,6527.446650000001,6599.043000000001,7108.93233,6222.54672,6458.971499999999,5625.682994700001,4880.7,4950.930060000001,4114.181475,3903.9112800000003,3545.4995999999996,2452.21056,2388.0576600000004,3127.394205,3452.7586500000007,4766.3416799999995
QUEROSENE,PETRÓLEO,1307.212076477064,1338.2873207339449,1391.4725419816514,1673.2144882568805,1771.3911491009171,1909.7242718532107,2012.0948689541283,2058.7893417247706,2356.8608761100913,2631.179896183486,2724.7639950000003,3066.7653000000005,3143.9430720000005,2895.3337066727768,3471.801373045421,3269.78925,2979.7759814259935,3056.578828687178,2960.2774683243238,3003.8097127849296,2739.471473832282,2706.996781460776,2579.537681334536,2571.982525266006,2497.8991890351676,2742.87390037872,2997.026001803427,2935.4071724797122,3167.625697,3122.08,3245.3199999999997,3243.6768,3166.755,3275.67,3497.6099999999997,3426.2439599999993,3111.8453999999997,3330.1579140000003,3137.290080378,3563.8632000000002,3854.3653979999995,4460.172,4477.244118,4578.362448,5006.899818,4656.01761,4765.089612,5075.438178,5245.997423999999,4991.70186,2743.898472
QUEROSENE ILUMINANTE,PETRÓLEO,637.4762124770642,589.1329007339449,545.7058579816513,666.1544482568806,571.1065811009174,525.221403853211,560.4546649541284,594.0491697247706,655.5025321100917,705.4846001834862,532.7124299999999,520.9822800000001,530.5651200000001,589.6635800904978,507.89858823529414,425.95664999999997,405.310955,425.0070146077548,420.5753980540541,314.1394015135136,203.11570322813353,180.63978524797122,154.0016602344455,213.10500010820567,134.8555078809739,129.86085944093784,112.37958990081158,69.92507816050498,56.195812000000004,64.0848,166.7848,191.4328,187.005,158.646,92.886,41.190419999999996,30.9894,20.524518,19.035546378,18.906,20.103654,25.482,19.727999999999998,12.653046,9.86811,6.079511999999999,6.303096,4.848978,4.651698,4.895832,4.3615319999999995
QUEROSENE DE AVIAÇÃO,PETRÓLEO,669.7358639999999,749.15442,845.7666839999999,1007.06004,1200.2845679999998,1384.5028679999998,1451.6402039999998,1464.7401719999998,1701.3583439999998,1925.6952959999999,2192.051565,2545.7830200000003,2613.3779520000003,2305.670126582279,2963.902784810127,2843.8325999999997,2574.4650264259935,2631.5718140794233,2539.70207027027,2689.670311271416,2536.3557706041483,2526.356996212805,2425.5360211000907,2358.8775251578004,2363.0436811541936,2613.013040937782,2884.6464119026155,2865.482094319207,3111.429885,3057.9952,3078.5352,3052.244,2979.75,3117.024,3404.7239999999997,3385.0535399999994,3080.8559999999998,3309.633396,3118.2545339999997,3544.9572000000003,3834.2617439999995,4434.69,4457.516118,4565.7094019999995,4997.0317079999995,4649.938098,4758.786516,5070.5892,5241.345726,4986.806028,2739.53694
OUTRAS SECUNDÁRIAS DE PETRÓLEO,PETRÓLEO,261.8994,514.4890800000001,443.961,891.13416,1062.820305,1276.56056,1212.0401160000001,1300.82922,1624.9986400000003,1709.22512,1548.979,1758.1878500000003,1582.366632,1971.588687,2035.949964,2138.0851030000003,2236.6895,2472.32027,2397.8898700941177,2627.68168,2578.165708,2411.72672,2724.732192,2763.532144,3033.897780282353,3043.4605013647056,3232.0869928941174,3837.6266912470583,3660.84334,3872.28812,4715.889018,5310.732744,5452.473823,5381.422932,5640.01104,6198.59795979603,6174.2497743,6414.114698128,6699.913809400001,6977.811756900001,6979.462589160616,7370.319615443306,7947.043500000001,8908.2702,9027.191447942858,9127.079699999998,8810.007020000001,8784.079034290422,8102.420729983558,7813.894523059056,7779.773967738323
PRODUTOS NÃO ENERGÉTICOS DE PETRÓLEO,PETRÓLEO,886.7745600000001,840.3896799999999,971.5146000000001,971.5146000000001,1367.85465,1552.87448,1722.987359,2131.25888,2295.13446,3618.4078600000003,2948.8841,2536.1727960000003,2942.704884,2713.145583,3069.1852019999997,3179.64009,3342.3267299999998,3211.179,3224.158214054054,2995.596674195677,3414.0947410621943,3026.9026640956636,3261.6836139247935,2753.051285786302,3187.468943286718,2858.1867090468104,3356.5413590258167,3791.5487983387557,4198.526136,4031.7523200000005,4496.303304999999,4033.3135239999997,4300.606000000001,3602.3920000000003,3954.8199,4061.0358399999996,4696.979,4565.318209,5379.871205325,5166.814700000001,6302.125566664075,6054.4400000000005,6014.724608,6182.911792000001,6821.185791999999,5133.871804,5242.65194,5075.329968,5097.675644,5026.863738,5274.83409
PERDAS,PETRÓLEO,-593.6110016628791,-149.64404555844942,-350.70515387186845,-449.5321026393684,-407.48551003842886,-348.95342560171275,-344.6450491047369,-519.9794928552083,-490.88043184390654,-94.86761705773279,-597.9236156874813,-4.580913784035602,-1.0059014989669777,-30.87509025878626,-152.33606142210965,-2.624118517833267,-0.4720032581349187,-0.6348245009085076,-695.1316524986228,-391.92028385366984,-7.544671761275822,-519.1552466451981,-796.2546204044188,-897.5511296827431,-635.2524646386182,-282.04125421967774,-558.0876539419269,-198.10483839942935,-804.9917315893872,-944.0315599999903,-671.465774999986,-767.6554399999827,-585.3004369999935,-157.7386679999895,-166.93606000001046,-282.45126791290295,-268.8984257000038,-202.24623696291837,-301.4144268970158,-698.0372182818355,-156.93109378464396,-552.8721384100445,-291.6753104172958,-830.8407250000091,-324.9954325171393,-581.604993584011,-482.87544765001985,-470.9214538300239,-140.4024020953775,-577.018655415015,-558.4457883812956
GÁS NATURAL ÚMIDO,GÁS NATURAL,-571.7392128,-920.1427956,-1016.4252672,-995.5806084,-1187.1529488,-1254.6499392,-1306.2652848,-1505.7784476,-1501.8080364,-1341.0063828,-1343.9841912,-1604.0461248,-1795.6184652,-2092.4067024,-2722.7094804,-3167.3955348,-3689.5046076,-4438.9197216,-4088.5309332,-4183.820802,-4244.3695728,-4729.752342,-5142.6751068,-4825.0422108,-5037.45921,-5067.2372940000005,-5321.3436108,-5592.3241752,-6052.8918744,-6657.3869796,-8395.4344824,-8834.16492,-9397.752,-11130.0405,-12398.598,-13837.500811506667,-13791.0819,-13109.586,-16622.532460846,-15318.963608447304,-15489.4475304,-17024.1661945719,-19007.6200092,-18502.1431254,-19831.798264499997,-20825.1435195,-20997.0186048,-23574.5343738,-22251.6772443,-22762.2774528,-21010.164930900002
LGN,GÁS NATURAL,0.0,0.0,0.0,0.0,0.0,0.0,0.0,0.0,0.0,0.0,0.0,0.0,0.0,0.0,0.0,0.0,0.0,0.0,0.0,0.0,0.0,0.0,0.0,0.0,0.0,0.0,0.0,0.0,0.0,0.0,0.0,0.0,0.0,0.0,0.0,934.221825,1310.0,921.825,1520.0,1108.351205,839.9153207678573,1162.4083853157035,918.1447428510468,973.841018765049,556.094055093093,244.83447807404866,639.7003665375205,736.4220201453818,849.9581896997157,1198.196761557713,973.6071190149127
GÁS NATURAL SECO,GÁS NATURAL,465.333792,772.3309439999999,847.980672,832.147008,993.1225919999999,1045.021824,1092.522816,1264.933824,1260.535584,1122.430848,1121.5511999999999,1337.944608,1495.4016,1702.11888,2240.463456,2527.228704,2976.728832,3514.19376,3326.828736,3420.0714239999998,3465.81312,3864.293664,4252.218432,3998.00016,4099.15968,4099.15968,4388.563872,4599.679392,5002.558176,5374.64928,6578.887392,6949.2192,7780.96,9264.024,10116.954144000001,11225.757960055234,11195.536,10377.84,13382.24037622283,12503.8006662976,12645.05792,13980.329549119999,15820.47016,15244.532159999999,16202.82928,17098.57776,17004.907040000002,19427.05072,17907.07248,18823.74912,17246.404560000003
GASOLINA,GÁS NATURAL,35.60265729729729,50.30810270270269,54.95192756756756,52.630015135135125,62.69163567567566,71.20531459459458,70.46767,74.54139567567569,76.06264864864866,74.33952,76.11499945945947,86.87873675675677,89.30432432432433,114.909686126447,138.34066407836153,151.44187764705882,179.80878572702946,230.6064248975957,168.2558249327354,153.87338571428572,169.13348663101607,181.72016470588238,0.0,0.0,123.50677860962568,118.00010695187167,136.88012406417113,10.226675935828878,0.0,225.33,231.99,0.0,0.0,154.0,169.4,204.05,0.0,418.11,390.544,585.97,0.0,140.14000000000001,140.14000000000001,0.0,616.0,731.5,385.0,474.32,693.0,156.31,115.5
GLP,GÁS NATURAL,65.11603159663866,93.98823428571431,102.5884648739496,97.05974521008406,116.10311294117649,132.0749697478992,130.23206319327733,140.06089815126055,142.51810689075634,137.60368941176475,141.38559999999998,175.6166839694656,204.88613129770988,237.09188900255756,334.9000312020461,401.18236112531963,521.6799186734694,645.8946206896551,548.674229106383,512.3321769820972,546.824765412766,559.1545233702128,516.6168584170214,451.8856291404256,328.5880495659575,310.7099005276596,273.10413875744683,326.7385858723405,362.43075,245.29999999999998,374.29920000000004,650.1825,712.4259999999999,742.365,838.903,1095.328509743604,1049.6979999999999,1362.53,1154.79,845.624,1093.69,929.210022,1057.270193876,1193.119863,1346.903675,1620.581573,1641.481439,1648.9784089999998,1510.0180679999999,1458.521155,1463.6022309999998
NAFTA,GÁS NATURAL,0.0,0.0,0.0,0.0,0.0,0.0,0.0,0.0,0.0,0.0,0.0,0.73889592760181,2.935058823529412,2.2618285714285715,1.5078857142857143,1.5078857142857143,1.5228780000000002,2.2760821507271927,4.521579718309859,2.288335075022065,3.81625,3.81625,54.19075,61.06,0.0,0.0,0.0,141.427,144.61229948717946,136.23408,150.77592,156.13344,65.79,74.205,160.65,120.55558500000001,214.20000000000002,0.0,0.0,0.0,0.0,0.0,0.0,0.0,0.0,0.0,114.75,114.75,21.42,0.0,0.0
PRODUTOS NÃO ENERGÉTICOS DE PETRÓLEO,GÁS NATURAL,0.0,0.0,0.0,0.0,0.0,0.0,0.0,0.0,0.0,0.0,0.0,0.0,0.0,0.0,0.0,0.0,1.52934,0.0,0.0,0.0,0.0,4.44284,0.0,0.0,0.0,0.0,0.0,0.0,0.0,0.0,0.0,0.0,0.0,0.0,0.0,0.0,0.0,0.0,0.0,179.82000000000002,881.2636792321427,641.8365761904763,881.5187123809524,905.6286523809524,911.6532717619048,921.3982732309523,1010.9744801904762,934.1452090476191,846.5949617142857,897.8776417142858,958.9290417142856
PERDAS,GÁS NATURAL,-5.68673190606404,-3.5155146115830576,-10.904202758482825,-13.743840054780748,-15.235608183148003,-6.347830857506381,-13.042735606722772,-26.242329773063744,-22.691696860595016,-6.632325388235273,-4.932391740540595,-2.867200146175719,-3.091350754436405,-36.02441869956698,-7.497443405306569,-86.03470631333562,-8.23485319950123,-45.94883386202207,-40.25056344257189,-95.2554802285955,-58.78195075621841,-116.3248999239047,-9.6490663829793,-5.68673190606404,-45.20470182441704,-29.09851852046944,-73.79547597838194,-23.25252139183101,-33.29064891282121,-115.87361960000021,-453.48197040000025,-381.72977999999966,-2.296000000000504,-50.44649999999967,-212.6908559999988,-257.58693170782817,-21.647899999999254,-29.280999999999267,-174.95808462317018,-95.39773714970374,-29.52061040000126,-170.24166194572013,-190.0762000919999,-185.02143125400198,-198.31798264500003,-208.25143519500034,-200.20527907200085,-238.86801560700087,-423.6135448860009,-227.62277452800163,-252.1219791708013
CONSUMO DE COMBUSTÍVEIS,CENTRAIS ELÉTRICAS,-1863.110129514405,-2261.6026702709705,-1829.8493088680525,-2006.1856728281791,-1781.4735556883952,-1830.355152203882,-1789.1994113184548,-2049.4737285294445,-2707.319638905633,-2634.185763222529,-2644.1967134409297,-3013.492236318906,-2742.891939739946,-2608.096996270756,-3617.8960944417076,-3948.412084555487,-5057.1515032228235,-4744.412992284187,-4312.014409352078,-4318.478541512701,-4220.750732757837,-4417.0148959331655,-4909.813526881507,-4492.090301766182,-4415.052915924237,-5885.237936814985,-6483.202010232193,-7469.442547241706,-8241.828090141978,-10707.466699869852,-11391.640331697705,-15061.493728164998,-13933.44741562485,-13613.680948998846,-15237.487978765934,-15133.64412835431,-16275.312676994308,-15927.58853380146,-20194.208841561885,-16279.589066050812,-23346.35761784461,-21549.853946891184,-27897.886529132364,-36249.421803529345,-43000.86148302002,-41816.740472829115,-33937.35734856076,-35659.58181027812,-32774.24491971276,-33605.0424687935,-31844.5802004589
NÃO RENOVÁVEIS,CENTRAIS ELÉTRICAS,-1740.225214743696,-2119.012692828137,-1672.1961957524302,-1850.1880762229987,-1615.3816123198928,-1648.8013957331577,-1606.3272014433433,-1804.9427736942312,-2428.973884211637,-2284.7979829467627,-2276.6431046195466,-2608.6487981802197,-2276.112118760737,-2008.6616438224492,-3017.4044350598933,-3271.5860016914753,-4349.809245631216,-3946.6813355230825,-3563.990647931795,-3588.2168319183425,-3421.0015172514377,-3521.8113649911647,-3953.376488218499,-3502.0733061096166,-3349.5927383400535,-4771.813317371178,-5140.0332974429175,-6006.619570761808,-6748.741513001006,-9048.780073347378,-9829.64639142355,-13284.819447616494,-11914.108524200828,-11240.616433550073,-12753.940981092159,-12377.81722638429,-13401.80815301851,-12654.066832213146,-16580.458258220955,-11868.457345118342,-17445.81548470835,-15585.480638688316,-21386.827473393816,-28817.061859582416,-34432.743426830544,-32787.91859789168,-24774.405628183296,-26160.179896333953,-23019.201593097794,-23804.386660107233,-21379.074758373365
GÁS NATURAL,CENTRAIS ELÉTRICAS,0.0,0.0,0.0,0.0,0.0,0.0,0.0,0.0,0.0,0.0,0.0,0.0,0.0,0.0,0.0,0.0,0.0,0.0,-1.9852056,-69.482196,-75.649728,-82.27307760000001,-154.733082,-157.8238452,-157.45699199999999,-187.36502399999998,-234.02776133703716,-258.5173931268293,-340.72349996487804,-591.5521029911091,-896.2111031609303,-2092.7900409424624,-2682.7172291591414,-2591.5251463684062,-4106.7463351624665,-4022.4370146723004,-3719.764198511166,-3152.484235973863,-5721.6007675713045,-2619.8863993506493,-6995.65135843675,-5228.302822467331,-9053.738948274553,-13893.389707257462,-16799.85408506089,-16410.75156652907,-11402.64136723832,-13115.003806352901,-10941.810327624418,-11655.833035604737,-10812.198095867858
CARVÃO VAPOR,CENTRAIS ELÉTRICAS,-495.216834,-519.39216,-552.164046,-487.4399460000001,-466.66326000000004,-451.2744180000001,-444.39278786518037,-569.1628598651803,-963.5255907472131,-808.1235465786885,-707.9987665449835,-964.709654848328,-934.2069378314754,-721.8255983800146,-828.1377785700221,-989.0435617284688,-1275.5452184278704,-1037.7808459018647,-809.7075953758588,-1091.3011771019162,-962.0500260000001,-1134.051198,-1129.7766241680054,-1032.007956785863,-1099.8798720000002,-1306.4322180000001,-1334.9957880000002,-1587.9645600000001,-1502.0089560000001,-2283.0854004,-2309.9176632,-2290.6783620000006,-1518.0242642839505,-1577.8742402556054,-1770.7398643497263,-1889.7895159294999,-2104.7209424999996,-1931.2345723339433,-1884.9284584812838,-1523.0903640000001,-1905.3820699512887,-1750.0905711048608,-2341.346389027607,-3724.0796843129865,-4343.662318643381,-4455.147512734903,-4211.785575413272,-3810.327313340872,-3339.9907106284077,-3626.3715461463757,-2818.507408915976
ÓLEO DIESEL,CENTRAIS ELÉTRICAS,-192.93937857999026,-168.875709771596,-183.47047110924973,-186.97212200476557,-190.59659149096018,-203.37761622922795,-164.84330366638054,-152.83102683384126,-187.17275595066621,-290.03199729650896,-369.4458536534443,-465.6651610708868,-337.5938474455838,-359.26632075882696,-358.2773918371587,-418.15849833399517,-569.9944850799627,-922.0058879649076,-924.8135065921576,-653.3726503347677,-571.3776120000001,-572.0413314976744,-711.4445107461373,-627.8356770478127,-663.8540825367669,-943.824096789642,-890.8765320001783,-1199.522967100369,-1484.2754240513923,-1929.3380584249849,-1504.7015226037738,-1660.5034459999329,-1293.1284468375231,-1600.1073144475922,-1837.1556184308743,-1895.3051182586196,-1617.0959675273455,-1431.7631443386053,-1831.0795248097334,-1646.1584425180545,-2066.895633237366,-1994.6471193152718,-2532.3359727606103,-2528.5315962574255,-3120.059508909442,-2280.178088437154,-1140.7093260485203,-956.3382996484165,-1091.4973141158387,-1274.4922999360278,-1239.7234206568478
ÓLEO COMBUSTÍVEL,CENTRAIS ELÉTRICAS,-982.5466544478613,-1364.2657979328915,-864.0802525591469,-1110.0082994147117,-890.7830797052832,-928.6631410205364,-907.9871359878127,-998.9800625118162,-1191.0164287102368,-1066.6400380685047,-1030.1609206196204,-917.5198386074544,-692.0819030107702,-658.1671876105186,-543.6149470930287,-621.8320673216695,-2121.5138809220116,-1326.4836354297458,-1210.2089287920057,-919.5423645371746,-704.746560951437,-767.9448368934904,-837.2798820821341,-782.6222972086166,-835.3025075334447,-854.4442914704239,-1263.587374613638,-1190.0831849631802,-1222.9727214275924,-1923.6021414376319,-2073.1716972842432,-2134.565234197906,-1376.266327989045,-658.2291913875598,-602.4855727998197,-696.771882107619,-936.4635,-1245.42580708763,-1484.3086267873045,-1140.4396493506492,-1128.3599356967973,-733.4313982021038,-1346.1712189795385,-2287.3507532785798,-3624.785715720973,-3311.729366039934,-1359.2366073981216,-1617.5975696956964,-973.1358551662387,-468.22892515090854,-488.31087701984785
GÁS DE COQUERIA,CENTRAIS ELÉTRICAS,-9.456215999999996,-9.456215999999996,-9.456215999999996,-10.745699999999998,-10.315871999999997,-12.465011999999998,-27.079163999999995,-30.947615999999986,-32.2371,-36.105551999999996,-37.395036,-47.710907999999996,-51.57935999999999,-61.035576,-118.632528,-113.90441999999997,-104.87803199999999,-71.78127599999999,-87.25508400000001,-113.044764,-94.56215999999999,-116.91321599999999,-158.176704,-166.343436,-81.237492,-78.228696,-96.7113,-90.26388,-121.211496,-185.255868,-167.63291999999998,-180.52776,-188.34,-131.57999999999998,-141.28446933333333,-138.8352823230203,-131.15,-234.09199999999998,-526.6494292279446,-330.72733333333326,-304.15723594846696,-300.79859835222356,-264.8109253725659,-254.71223473186527,-338.8858226068002,-245.48920323987994,-260.73689550749236,-372.71035925953277,-351.956141518516,-340.78692360458166,-326.3994191594968
OUTRAS SECUNDÁRIAS,CENTRAIS ELÉTRICAS,0.0,0.0,0.0,0.0,0.0,0.0,0.0,0.0,0.0,-0.8636357177464343,-2.590907153239303,-30.97040652189808,-49.56563669939797,-12.288529700540009,-12.288529700540009,-7.936257585508434,-8.838370399706271,-29.496057599559414,-55.24594463925686,-52.834434959295066,-48.699144000000004,-52.09332,-236.62553400000002,-197.267966,-197.41953,-214.12023300000004,-252.41693600000002,-253.56075600000003,-256.85502,-310.620216,-345.443202,-380.374914,-361.031029,-342.28437699999995,-372.03225617466956,-290.3128027663531,-343.31482,-384.8135633508175,-598.5100864945819,-370.8511111111111,-476.14497306435993,-450.4346765704348,-585.2917042041079,-754.9532244206603,-619.0488612565346,-629.8738463998737,-536.7724893672197,-527.6028438367176,-549.2118208890054,-562.8029199167935,-534.5088009267172
OUTRAS NÃO RENOVÁVEIS,CENTRAIS ELÉTRICAS,-60.066131715844236,-57.02280912364947,-63.02521008403362,-55.02200880352142,-57.022809123649466,-53.02120848339337,-62.02480992396959,-53.02120848339336,-55.02200880352141,-83.03321328531413,-129.0516206482593,-182.07282913165267,-211.08443377350943,-196.07843137254906,-299.11964785914364,-204.25112872183362,-232.08522380166517,-293.0645806270047,-312.9157096325159,-215.62759698518857,-366.0,-390.0,-377.97222222222223,-397.74679486732435,-292.26984126984127,-293.1111111111111,-283.9920634920635,-369.82142857142856,-371.35714285714283,-436.5936507936508,-758.7746031746032,-849.9761904761905,-885.6701688311689,-902.290909090909,-893.2659948412698,-962.3534891147581,-967.4180199999998,-1061.2219438189195,-892.6698366488008,-860.631318181818,-789.527643748631,-1046.8471617670016,-1083.4280723505924,-1347.761810838592,-1578.7265895416144,-1614.9395386320748,-1728.1792600326228,-1658.8697234025503,-1686.8894719616535,-1672.6016461396744,-1497.234485484876
URÂNIO CONTIDO NO UO2,CENTRAIS ELÉTRICAS,0.0,0.0,0.0,0.0,0.0,0.0,0.0,0.0,0.0,0.0,0.0,0.0,0.0,0.0,-857.3336119999999,-916.460068,-36.954035,-266.069052,-161.8586733,-473.011648,-597.9162862999999,-406.49438499999997,-347.367929,-140.425333,-22.172420999999996,-894.2876469999999,-783.425542,-1056.885401,-1449.3372527,-1388.7326352999999,-1773.7936799999998,-3695.4035,-3608.9310580999995,-3436.725255,-3030.23087,-2482.012121212121,-3581.8807044799996,-3213.0315653093685,-3640.7115281999995,-3376.6727272727267,-3779.696634624689,-4080.9282909090903,-4179.704242424242,-4026.282848484848,-4007.7205250909087,-3839.809475878788,-4134.344107177725,-4101.729980797266,-4084.709951193714,-4203.269363608132,-3662.1922503417454
RENOVÁVEIS,CENTRAIS ELÉTRICAS,-122.88491477070905,-142.58997744283351,-157.65311311562215,-155.99759660518015,-166.09194336850234,-181.55375647072424,-182.8722098751115,-244.53095483521324,-278.3457546939952,-349.38778027576666,-367.55360882138297,-404.84343813868657,-466.77982097920903,-599.4353524483063,-600.4916593818143,-676.8260828640117,-707.3422575916073,-797.7316567611045,-748.0237614202827,-730.2617095943586,-799.7492155064,-895.2035309419999,-956.4370386630075,-990.0169956565652,-1065.460177584183,-1113.4246194438083,-1343.1687127892758,-1462.8229764798982,-1493.0865771409747,-1658.686626522474,-1561.993940274154,-1776.6742805485042,-2019.3388914240234,-2373.064515448773,-2483.5469976737713,-2755.826901970015,-2873.5045239757997,-3273.521701588313,-3613.7505833409314,-4411.131720932469,-5900.542133136254,-5964.373308202864,-6511.059055738548,-7432.3599439469535,-8568.118056189476,-9028.821874937432,-9162.95172037746,-9499.401913944175,-9755.043326614945,-9800.655808686275,-10465.505442085541
LENHA,CENTRAIS ELÉTRICAS,-12.704916,-13.324668000000004,-15.183924000000006,-16.113552000000006,-16.733304000000004,-18.282684000000003,-21.691320000000008,-22.001196000000007,-27.269088000000007,-28.50859200000001,-39.35425200000001,-49.27028400000002,-62.28507600000002,-86.76528000000003,-110.00598000000004,-137.89482000000004,-154.62812400000007,-173.53056000000007,-146.26147200000005,-112.79486400000002,-120.85164000000002,-118.68250800000001,-149.7465066061638,-170.64708348016526,-128.45092990178287,-124.82903747300854,-129.25609970847577,-140.4478361974982,-132.72725894497458,-139.50330021463415,-146.56847301463418,-112.38149840650408,-130.0826141240236,-121.19811111111109,-127.71128476164947,-127.40346427722876,-206.45999999999998,-170.52243732689683,-310.70328675525525,-220.85060606060608,-308.7888414822103,-286.4193503166281,-303.2907958084375,-334.6662682476961,-376.63981884496286,-420.28844029913137,-377.4173454922031,-411.85146137896135,-453.5958737263974,-437.36093670425305,-453.8999238157686
BAGAÇO DE CANA,CENTRAIS ELÉTRICAS,-89.00738853658537,-106.4215385,-111.3445512060115,-106.47502960128617,-111.38087017604164,-123.0089261839802,-115.77889512622991,-167.99025570919824,-186.2574666437052,-218.93886044337216,-208.40445699144652,-238.87370291199375,-283.58489127754785,-385.2057075846424,-350.0827825275697,-381.0589443637289,-366.35989815176725,-417.85128907318546,-412.6202262736051,-395.2185898689913,-394.6902947063999,-424.70719414199993,-420.50466429870414,-410.6567305763999,-471.32918688239994,-524.3377539707999,-731.9014202807999,-790.6579042824,-811.0949421959999,-873.3427535078398,-735.2656272595199,-938.0777637419998,-1075.8283052999998,-1371.5332399999998,-1406.4013805920697,-1528.255579657408,-1593.6975591569997,-1909.7356696002068,-2067.324865343266,-2686.5036271623226,-4080.6867278021746,-3981.7077040637632,-4427.258206325882,-5265.087325332858,-5713.788937931456,-5959.071869517864,-6109.1803985733995,-6145.047326533319,-6070.676743336298,-6234.775375595399,-6564.620644777651
LIXÍVIA,CENTRAIS ELÉTRICAS,-21.130488122120983,-22.8437709428335,-31.12463790961064,-33.409015003893984,-37.97776919246069,-40.262146286744034,-45.401994748881584,-54.53950312601497,-64.81920005029005,-101.9403278323945,-119.79489982993644,-116.69945122669284,-120.90985370166116,-127.4643648636638,-140.4028968542446,-142.03541200803062,-148.33141602421813,-169.2823354937953,-146.91571595646445,-158.7642080526928,-226.7072808,-285.3138288,-340.7756352,-331.91318160000003,-419.68006080000004,-430.257828,-446.83919280000003,-481.717236,-488.86437600000005,-568.3405728,-600.0738744,-597.2150184000001,-672.323972,-749.635502,-815.1997648597347,-910.1582054309326,-991.8782960000001,-1051.150469,-1116.7902615953503,-1288.8017977528089,-1341.4235611274505,-1471.1453655399168,-1499.750991920207,-1510.8422421503328,-1960.75547689101,-2068.109988332236,-2200.82371305485,-2422.6278606742826,-2635.0677847798024,-2434.6638264744442,-2708.832286952669
BIODIESEL,CENTRAIS ELÉTRICAS,,,,,,,,,,,,,,,,,,,,,,,,,,,,,,,,,,,,-0.029717804816781428,-2.2589488187999693,-12.04034710659768,-44.35179238459517,-50.950156312178905,-90.2755630590385,-85.70038953364894,-112.13097369009806,-113.23114268752131,-160.02685954834573,-140.15707082439837,-60.02950993156749,-52.46191500761931,-89.04046894845854,-113.56857946306273,-118.88221020849639
OUTRAS RENOVÁVEIS,CENTRAIS ELÉTRICAS,-0.04212211200269582,0.0,0.0,0.0,0.0,0.0,0.0,0.0,0.0,0.0,0.0,0.0,0.0,0.0,0.0,-15.836906492252025,-38.022819415621804,-37.06747219412377,-42.22634719021316,-63.48404767267457,-57.5,-66.5,-45.41023255813954,-76.8,-46.0,-34.0,-35.172,-50.0,-60.4,-77.5,-80.0859656,-129.0,-141.10399999999998,-130.69766233766234,-134.23456746031746,-189.97993479962886,-79.20972,-130.0727785546116,-74.58037726246462,-164.0255336445534,-79.3674396653801,-139.40049874890724,-168.628087993922,-208.53296552854528,-356.90696297370175,-441.1945059638035,-415.5007533254392,-467.41335034999236,-506.6624558239882,-580.2870904491178,-619.2703763309569
GERACAO DE ELETRICIDADE,CENTRAIS ELÉTRICAS,3933.9925727579243,4436.944037050139,4915.818688900216,5564.410241787938,6166.110295157267,6788.6321393935405,7742.768367824406,8687.00476590447,9694.743358765654,10902.600179262921,11986.915045563033,12228.02600639221,13079.690653269834,13974.43003146584,15427.38340010031,16656.672115077527,17383.085355870153,17486.506582754067,18485.94495697512,19069.555763752436,19162.529909782297,20156.363311497866,20791.527866695924,21672.268455710164,22363.492491581797,23701.72407179665,25047.116432584804,26486.347324462236,27670.382897637475,28786.456097233135,30007.200735343664,28255.4260527491,29732.145726250696,31337.078868,33324.34775123322,34665.11934177637,36072.626659999994,38282.80760852842,39832.755638393326,40089.59857982305,44358.68713280487,45731.207633042875,47514.857773990654,49091.780200921676,50786.62212905668,49985.60414448693,49785.254562536415,50682.15015645245,51720.097938453546,53864.2412691373,53427.604450330335
GERAÇÃO HIDRÁULICA,CENTRAIS ELÉTRICAS,3422.924949275362,3715.080347826087,4358.553536231883,4976.580976834782,5648.3696956521735,6216.696956521739,7130.517999999999,8039.279999999999,8836.155999999999,10025.88,11086.002,11245.789999999999,12137.351999999999,13026.85,14326.998,15340.249999999998,15688.033999999998,15961.599999999999,17121.997999999996,17603.34,17776.888,18729.252,19207.498,20215.589999999997,20872.6386,21835.838599999995,22853.278799999996,23991.63555005076,25066.349479999997,25198.0026316,26178.681734624,23037.336,24603.9292,26282.976,27588.53398785303,29021.282479224217,29997.269559999997,32165.300457599995,31781.8504,33624.97359,34682.92394053632,36836.63110892814,35719.42708926545,33625.313201762096,32115.759200787106,30937.881504713278,32758.341044690358,31897.955248343944,33451.512525455415,34217.42687008238,34088.782803496455
GERAÇÃO EÓLICA,CENTRAIS ELÉTRICAS,,,,,,,,,,,,,,,,,,,,,,,,,,,0.172,0.344,0.42999999999999994,0.172,0.086,3.01,5.2459999999999996,5.2459999999999996,5.2459999999999996,7.9894,20.381999999999998,56.99923792890488,101.73799999999999,106.46799999999999,187.22199999999998,232.587,434.30398814814856,565.7432468261509,1050.0816435072368,1859.8103858003076,2880.0429917075558,3644.1002093585466,4168.862144369688,4814.7634644657255,4906.360743217473
GERAÇÃO SOLAR,CENTRAIS ELÉTRICAS,,,,,,,,,,,,,,,,,,,,,,,,,,,,,,,,,,,,0.0,0.0,0.0,0.0,0.0,0.0,0.0,0.13889999753869994,0.4122489662832,1.3830349459247997,5.066897404149454,7.332410876823742,71.53595251327826,297.6833957434336,572.2938011214939,924.3573657765235
GERAÇÃO TÉRMICA,CENTRAIS ELÉTRICAS,511.06762348256234,721.8636892240522,557.2651526683328,587.8292649531563,517.7405995050924,571.9351828718022,612.2503678244069,647.7247659044704,858.5873587656546,876.7201792629226,900.9130455630343,982.2360063922122,942.3386532698355,947.5800314658404,1100.385400100311,1316.422115077528,1695.0513558701525,1524.9065827540705,1363.9469569751236,1466.2157637524374,1385.6419097822995,1427.1113114978664,1584.0298666959252,1456.678455710168,1490.8538915818003,1865.8854717966537,2193.8376325848058,2494.711774411478,2604.0334176374786,3588.453465633136,3828.5190007196666,5218.090052749101,5128.216526250695,5054.102868000001,5735.813763380185,5635.847462552152,6054.975099999998,6060.507912999521,7949.167238393327,6358.1569898230455,9488.541192268554,8661.98952411474,11360.987796579517,14900.311503367142,17619.39824981642,17182.8453565692,14139.538115261681,15068.558746236678,13802.039872885009,14259.757133467705,13508.103537839883
PERDAS NA GERAÇÃO TÉRMICA,CENTRAIS ELÉTRICAS,-1352.0425060318425,-1539.7389810469183,-1272.5841561997195,-1418.3564078750228,-1263.732956183303,-1258.41996933208,-1176.949043494048,-1401.748962624974,-1848.7322801399782,-1757.4655839596069,-1743.2836678778956,-2031.2562299266942,-1800.5532864701104,-1660.5169648049152,-2517.5106943413966,-2631.9899694779597,-3362.1001473526712,-3219.506409530116,-2948.067452376954,-2852.2627777602634,-2835.1088229755374,-2989.9035844352984,-3325.7836601855815,-3035.411846056014,-2924.1990243424366,-4019.3524650183317,-4289.364377647387,-4974.730772830228,-5637.7946725045,-7119.013234236715,-7563.121330978038,-9843.403675415895,-8805.230889374157,-8559.578080998846,-9501.674215385749,-9497.796665802158,-10220.33757699431,-9867.080620801938,-12245.041603168556,-9921.432076227768,-13857.816425576053,-12887.864422776442,-16536.898732552847,-21349.110300162207,-25381.463233203598,-24633.895116259915,-19797.819233299084,-20591.02306404144,-18972.20504682775,-19345.285335325792,-18336.476662619018
RENDIMENTO MÉDIO-TÉRMICAS,CENTRAIS ELÉTRICAS,27.430886418709203,31.91823651046376,30.454155430594327,29.30084054106897,29.06249143311182,31.247224462594065,34.21923593040094,31.604443467017813,31.713557070517073,33.2823976009341,34.07133217371955,32.59460882474515,34.35566088539306,36.33223890141963,30.41506365511351,33.34054518338683,33.517907359309476,32.14110123283993,31.631317233470703,33.95213730155165,32.829276058122524,32.30940680801952,32.2625260210652,32.42763074325191,33.76752034397097,31.704503570274454,33.83879800633012,33.39890170696497,31.595337698831084,33.513561762249076,33.60814500144159,34.64523603652452,36.805080417499234,37.12517493934424,37.64277793933802,37.24051797936004,37.20343332364302,38.050379692681894,39.36359825116334,39.05600420272427,40.642490565706325,40.195119398311896,40.723471237564205,41.10496322983118,40.97452386337396,41.09082908490666,41.663639186865915,42.25668945420298,42.11245722577572,42.43338524779333,42.4188463242647
GERAÇÃO DE ELETRICIDADE,CENTRAIS ELÉTRICAS,45744.09968323169,51592.37252383882,57160.68242907229,64728.33600635532,71698.95692043332,78937.58301620396,90032.19032353962,101011.68332447058,112729.57393913553,126774.42068910375,139382.73308794227,142186.34891153732,152089.426200812,162493.37245890513,179388.17907093387,193682.2338962503,202128.8994868622,203331.4718924892,214952.84833692005,221739.0205087493,222820.11523002677,234376.2971755566,241761.95193832472,252003.1215780252,260040.6103672302,275601.44269530993,291245.5399137768,307980.7828425842,321748.6383446218,334726.2336887574,348920.9387830659,328551.46572964074,345722.6247238453,364384.638,387492.41571201413,403082.78304391133,419449.14720930235,445148.92568056297,463171.5771906199,466158.12302119815,515798.68759075436,531758.2282911962,552498.3462091939,570834.6534990893,590542.117779729,581227.9551684526,578898.3088667028,589327.3274006101,601396.4876564369,626328.3868504337,621251.2145387246
NÃO RENOVÁVEIS,CENTRAIS ELÉTRICAS,5427.955284680963,7760.3685781866525,5763.257169108521,6087.158819761116,5235.087729128984,5783.231528160491,6254.8525985396145,6414.837861970588,8651.62986413552,8418.401289103751,8670.224825442261,9547.72603653734,8778.951725812018,8033.917508905134,9943.500183433847,12240.108307658105,16515.967062994896,14165.774577764281,12520.064542826201,13645.858170237982,12253.052730026766,12594.68461305662,13489.591200379531,11954.184544800763,11947.28671845271,16102.602206351614,18755.03028555475,21625.325448432373,22769.225332461705,33348.200807798676,36661.29979906588,51618.05872964072,49299.2777590876,46768.175,54119.45317170322,51890.032859729974,55561.02822501378,52407.578160567624,72645.91988878605,51056.18589495667,78389.49887676825,68091.76770007973,96338.83840238965,132287.5899925495,157797.54104516978,149920.20657105773,113078.53433880927,122303.69403911251,106106.6013598291,110890.25284797784,98329.1223779193
GÁS NATURAL,CENTRAIS ELÉTRICAS,0.0,0.0,0.0,0.0,0.0,0.0,0.0,0.0,0.0,0.0,0.0,0.0,0.0,0.0,0.0,0.0,0.0,0.0,5.0,215.0,325.61199999999997,373.0,390.0,388.0,479.16743192203694,559.693704326954,974.1468373161114,1177.0,1321.0,2652.8650887573967,4067.8597990658827,9921.246055684456,12405.784913481872,13110.0,19263.91022054043,18811.27385793515,18258.215,15496.593949181264,28778.265471292005,13331.789999999999,36475.56253620733,25095.283497010852,46760.16462295105,69002.73405280466,81073.1139907327,79489.56319293099,56484.88883728975,65593.31591716994,54621.735532863895,60448.01602680338,53463.9147680499
CARVÃO VAPOR,CENTRAIS ELÉTRICAS,1369.4519999999998,1371.848875,1637.357375,1079.444375,990.3036,1301.2571874999999,1073.126075,1418.590625,2632.80485,2423.256625,2594.9550999999997,3379.1244999999994,3395.793375,2604.0669000000003,2858.6097249999993,3437.2037750000004,4598.96375,3687.3963625,2826.8125375,3877.01125,2814.11255,3431.384974999999,3322.23815,3125.15202,3392.409,3944.327,4374.13889,5510.87249,4897.1292,7437.0,7667.0,7594.0,5327.0,5436.0,6579.772,6352.7888707,6730.0239999999985,5937.760478889583,6729.6604607462805,5428.7,6991.850422217169,6485.443212025242,8422.068976939901,14801.48510464085,18385.429761866733,18856.494522629673,17001.395380401274,16256.586963439768,14204.358078818492,15327.22645756404,11945.51871144688
ÓLEO DIESEL,CENTRAIS ELÉTRICAS,465.3,535.175,601.175,551.175,637.175,669.175,489.6529999999999,487.56300000000005,556.533,860.201,1139.435,1405.1749999999995,1089.175,1172.175,1177.175,1417.175,1780.175,2764.175,2649.175,2273.581,1969.808,1978.815,2289.6298373492273,2111.5501312254214,2203.0540168480493,3076.755480304825,3111.5644594025052,4098.266013783709,5211.0463603884,7291.415,5588.03,6073.5126739562675,5629.473970745517,6280.175,7539.610676744186,7597.754787650513,6536.307225013797,6212.83404985571,8189.6178508603325,7136.57589495667,8552.24580350696,8575.895988570042,10043.21094947738,10476.899263086041,12717.403079775533,9783.806434501468,5148.387980284233,4606.667457467696,4513.658439209994,4694.922138576035,5389.709829626157
ÓLEO COMBUSTÍVEL,CENTRAIS ELÉTRICAS,3262.1332846809637,5522.274703186653,3179.6047941085217,4136.289444761116,3279.694129128985,3487.334340660491,4265.036273539615,4135.076236970588,5034.82638913552,4514.350164103751,4078.314725442261,3468.5274115373404,2741.785850812016,2844.3021089051344,2193.903458433848,2454.236996250338,8360.061461862211,4872.189779989198,4269.373174420053,3618.16485874931,2843.8116800267653,2994.170138056619,3161.6790762819664,3167.586992064606,3269.416904827468,3439.831618869479,5101.930412992455,4576.38271747267,4772.0919011504775,7882.66,7997.0,8036.3,6207.61887486021,3095.0,2907.971646511628,3012.6272376008073,4205.960999999999,5672.834970751923,7228.097840893151,5350.65,5266.82744009524,3268.4327011254654,5698.697264936064,11112.676677540232,18116.76149462376,15229.85923527541,6659.908935773372,7851.303657546166,4779.089065204352,2231.0819778436817,2356.065446736106
GÁS DE COQUERIA,CENTRAIS ELÉTRICAS,45.87,45.87,45.87,52.125,50.04,60.465,124.78724999999999,135.10799999999998,152.465625,179.5185,181.395,225.64912499999997,247.0725,310.8735,546.687,524.89875,483.303,331.08525,402.09225000000004,520.93725,437.75849999999997,524.586,486.5381712904139,514.8860730393003,305.0,304.0,429.0,316.7,439.5,794.0,583.0,624.0,693.0,464.0,454.04420000000005,450.40748567584495,458.0,833.9,1892.631076711495,1384.4399999999998,1214.5069165663208,1201.293934900536,1057.9022692180574,1017.5586628132323,1344.8886027204417,980.7132572442833,1041.6267872565045,1607.4183538157406,1519.9976461791593,1493.5927610553279,1435.1066727882192
OUTRAS SECUNDÁRIAS,CENTRAIS ELÉTRICAS,0.0,0.0,0.0,0.0,0.0,0.0,0.0,0.0,0.0,5.125,15.0,170.625,276.5,73.5,66.5,42.75,47.5,146.42825,273.8565,260.39975,256.28,272.94,881.8047114120227,936.4663489842703,969.9791270744429,1064.8944028503563,1114.6496858436763,1294.4042271759934,1226.4578709228265,1462.8,1660.21,1794.0,1683.0,1460.0,1891.5010279069766,1127.0087229891824,1654.63,1412.2111357253364,2043.007435427373,1932.0,1899.0775307067195,2340.461659189886,3044.2952195004623,3934.933931083495,3221.60132568154,3279.2704984464335,2792.486236184605,2746.215587209707,2859.0241955432903,2930.5468720507597,2784.240070601924
OUTRAS NÃO RENOVÁVEIS,CENTRAIS ELÉTRICAS,285.2,285.2,299.25,268.125,277.875,265.0,302.25,238.5,275.0,435.95,661.125,898.625,1028.625,1029.0,1457.625,982.843786407767,1101.9638511326862,1391.499935275081,1485.7550809061488,1050.7640614886732,1368.67,1577.7884999999999,1198.7012540459004,1268.5429794871648,1273.2602377807134,1194.1,1222.6,1482.7,1637.0,1850.4607190412785,3052.2,3296.0,3517.3999999999996,3565.0,3871.6434,4683.171897178479,3963.791,4491.683576163799,3816.05975285541,3535.0299999999997,3466.2724274685147,5465.580707257704,5274.099099366737,6491.6123005810105,7559.880309769095,7566.346790029487,8085.496514542223,7902.989664520506,7934.851379987551,7636.04231186735,6901.968708754109
URÂNIO CONTIDO NO UO2,CENTRAIS ELÉTRICAS,0.0,0.0,0.0,0.0,0.0,0.0,0.0,0.0,0.0,0.0,0.0,0.0,0.0,0.0,1643.0,3381.0,144.0,973.0,608.0,1830.0,2237.0,1442.0,1759.0,442.0,55.0,2519.0,2427.0,3169.0,3265.0,3977.0,6046.0,14279.0,13836.0,13358.0,11611.0,9855.0,13754.1,12349.76,13968.58,12957.0,14523.1558,15659.375999999998,16038.4,15449.69,15378.46248,14734.15264,15864.343667077319,15739.196437943,15673.887022022394,16128.824302217256,14052.598169916002
RENOVÁVEIS,CENTRAIS ELÉTRICAS,40316.14439855073,43832.00394565218,51397.42525996377,58641.1771865942,66463.86919130436,73154.35148804347,83777.337725,94596.8454625,104077.944075,118356.0194,130712.5082625,132638.622875,143310.474475,154459.45494999998,169444.6788875,181442.12558859223,185612.9324238673,189165.6973147249,202432.78379409385,208093.16233851132,210567.0625,221781.6125625,228272.36073794522,240048.93703322444,248093.3236487775,259498.84048895832,272490.50962822203,286355.4573941518,298979.4130121601,301378.0328809587,312259.638984,276933.407,296423.3469647577,317616.463,333372.9625403109,351192.7501841813,363888.11898428854,392741.3475199954,390525.65730183397,415101.9371262415,437409.18871398614,463666.46059111657,456159.50780680415,438547.06350653974,432744.57673455914,431307.74859739497,465819.7745278934,467023.63336149737,495289.88629660744,515438.1340024561,522922.09216080554
LENHA,CENTRAIS ELÉTRICAS,54.88875,81.43474999999998,83.71849999999999,81.54899999999999,80.5545,90.27,101.745,97.767,134.64,150.2613,201.596625,237.18824999999998,307.53,451.8909999999999,528.4675,569.1170000000001,620.6675,650.09275,569.87125,527.2,611.5175,571.34025,789.8977379452054,863.8910332244415,666.6543819346887,645.5774889583053,669.0336282220372,727.1727482127021,686.7642621601178,726.0,763.0,585.0,676.9439647577092,626.0,659.6200808614466,617.7586581814464,875.3,803.39417,1606.6276679911298,1123.6,1676.390648354793,1531.8100180839801,1582.4602495010704,1734.5031880234865,1952.3614021852975,2180.2458015418297,1969.8686150814183,2138.774205322577,2360.107974162623,2273.9663771806427,2362.3246254611895
BAGAÇO DE CANA,CENTRAIS ELÉTRICAS,360.83125,436.75050000000005,471.8494375000001,500.75674999999995,522.403925,578.8025749999999,544.7826,777.5589624999998,875.9770625000001,1098.89385,1000.4992624999999,1070.360125,1291.4873499999997,1871.9639499999996,1645.42885,1740.2744999999998,1699.9935249999996,1928.7178999999999,1878.845275,1784.8213999999998,1864.0500000000002,1956.4919875,2096.9830000000006,2047.4460000000001,2314.163,2574.463,3626.9260000000004,3880.463,3982.463,4297.463,3664.3630000000003,4665.463,5367.463,6795.463,6966.948657331406,7661.063855586717,8403.446,11094.79971,12139.383199,14058.2124211982,22364.256080195217,22240.05634660016,25065.50740817711,29871.172991164127,32557.198354603584,34162.85906406218,35235.701814893226,35655.56530162937,35435.23807025171,36827.31617046903,38775.58611181332
LIXÍVIA,CENTRAIS ELÉTRICAS,98.7715,115.21,160.80225,168.494625,182.19337500000003,198.105,217.810125,241.51950000000002,321.3270125000001,526.8642500000001,603.4123750000001,566.0745000000001,579.457125,660.6,677.7825375000001,681.5278750000001,692.7352500000001,810.8866000000002,690.57235,781.78,1103.165,1148.618825,1798.4,1679.0,2165.667,2195.0,2273.0,2508.81525,2526.2557500000003,2947.0,3006.0,3111.0,3515.0,3881.0,4219.533666617702,4482.0,5198.9,5563.0,5453.442678569388,6668.8,7168.037180419999,7861.219217835684,8014.0763760108275,8073.3436323277365,10477.502086107716,11051.16215276836,12030.83836263826,12945.565504335658,14080.760470878584,13009.880947166635,14474.928807780225
BIODIESEL,CENTRAIS ELÉTRICAS,,,,,,,,,,,,,,,,,,,,,,,,,,,,,,,,,,,,0.1271752078573297,10.895774986203222,55.93202096589641,210.75553863656646,236.62410504333013,397.13535560029374,394.41893418901907,471.7072210230612,500.4712065795021,694.7570511030381,643.3370584452604,294.4554579537074,283.14965197510224,390.5754072336938,432.2535521215487,554.7144679440157
OUTRAS RENOVÁVEIS,CENTRAIS ELÉTRICAS,0.2,0.0,0.2,0.0,0.0,0.0,0.0,0.0,0.0,0.0,0.0,0.0,0.0,0.0,0.0,76.206213592233,180.5361488673139,176.00006472491907,200.4949190938511,309.3609385113268,280.33,323.16150000000005,244.08,393.6,241.73926684280053,178.7,183.75,262.5,309.75,405.5392809587217,422.0,660.944,710.74,637.0,668.9532999999999,882.1274809701426,357.1172093023256,546.3181826468693,376.04821763688943,788.6356,336.5561873655383,601.5362031502847,631.9196054508529,792.3550750201532,1397.3638959052114,1842.716754091996,1803.8353090157939,1889.0506724698948,2115.5524488652923,2377.4595640111866,2574.2949793131547
EÓLICA,CENTRAIS ELÉTRICAS,0.0,0.0,0.0,0.0,0.0,0.0,0.0,0.0,0.0,0.0,0.0,0.0,0.0,0.0,0.0,0.0,0.0,0.0,0.0,0.0,0.0,0.0,0.0,0.0,0.0,0.0,2.0,4.0,5.0,2.0,1.0,35.0,61.0,61.0,61.0,92.9,237.0,662.781836382615,1183.0,1238.0,2177.0,2704.5,5050.046373815681,6578.409846815707,12210.251668688801,21625.702160468692,33488.87199659949,42373.258248355196,48475.14121360103,55985.62167983402,57050.706316482254
SOLAR,CENTRAIS ELÉTRICAS,,,,,,,,,,,,,,,,,,,,,,,,,,,,,,,,,,,,0.0,0.0,0.0,0.0,0.0,0.0,0.0,1.6151162504499996,4.7935926312,16.0818016968,58.91741167615645,85.26059159097375,831.8134013171891,3461.4348342259723,6654.579082808069,10748.341462517716
HIDRÁULICA,CENTRAIS ELÉTRICAS,39801.45289855073,43198.608695652176,50680.85507246377,57890.3768115942,65678.71739130435,72287.17391304347,82913.0,93480.0,102746.0,116580.0,128907.0,130765.0,141132.0,151475.0,166593.0,178375.0,182419.0,185600.0,199093.0,204690.0,206708.0,217782.0,223343.0,235065.0,242705.1,253905.1,265735.8,278972.5063959391,291469.18,293000.0306,304403.275984,267876.0,286092.2,305616.0,320796.9068355004,337456.77301423514,348805.46,374015.1216,369556.4,390988.065,403289.8132620503,428332.91987125744,415342.1754565751,390992.0139739778,373439.0604742687,359742.8081943405,380910.9423801205,370906.4563760924,388971.07587738853,397877.05662886496,396381.19538949366
